{"cameraMode":{"drawMode":0,"name":"Shaded","section":"Shading Mode"},"sceneLighting":false,"audioPlay":false,"sceneViewState":{"m_AlwaysRefresh":false,"showFog":true,"showSkybox":false,"showFlares":true,"showImageEffects":true,"showParticleSystems":true,"showVisualEffectGraphs":true,"m_FxEnabled":true},"in2DMode":false,"pivot":{"x":0.24399878084659577,"y":0.04508599266409874,"z":0.04075689613819122},"rotation":{"x":0.024501869454979898,"y":0.9538465738296509,"z":-0.08109144121408463,"w":0.28826460242271426},"size":0.0729748010635376,"orthographic":true}