{"cameraMode":{"drawMode":0,"name":"Shaded","section":"Shading Mode"},"sceneLighting":true,"audioPlay":false,"sceneViewState":{"m_AlwaysRefresh":false,"showFog":true,"showSkybox":true,"showFlares":true,"showImageEffects":true,"showParticleSystems":true,"showVisualEffectGraphs":true,"m_FxEnabled":true},"in2DMode":false,"pivot":{"x":-17.25528907775879,"y":0.3822832703590393,"z":33.48542785644531},"rotation":{"x":0.07302119582891464,"y":0.6520833969116211,"z":-0.06334280967712403,"w":0.7520686984062195},"size":0.49675795435905459,"orthographic":true}