{"cameraMode":{"drawMode":0,"name":"Shaded","section":"Shading Mode"},"sceneLighting":true,"audioPlay":false,"sceneViewState":{"m_AlwaysRefresh":false,"showFog":true,"showSkybox":true,"showFlares":true,"showImageEffects":true,"showParticleSystems":true,"showVisualEffectGraphs":true,"m_FxEnabled":true},"in2DMode":false,"pivot":{"x":490.09649658203127,"y":160.5415496826172,"z":-227.6903076171875},"rotation":{"x":0.021769605576992036,"y":0.06026752293109894,"z":-0.0013222998240962625,"w":0.9980274438858032},"size":254.09588623046876,"orthographic":true}